Student_ID,Name,Class,Math,Science,English,Total,Average,Percentage,Grade
2,NAKSH KUMAR,5TH,70,84,45,199,66.33333333333333,66.33333333333333,B
3,SARWAN KUMAR,5TH,70,84,48,202,67.33333333333333,67.33333333333333,B
